<?xml version="1.0" encoding="UTF-8"?>
<project-private xmlns="http://www.netbeans.org/ns/project-private/1">
    <editor-bookmarks xmlns="http://www.netbeans.org/ns/editor-bookmarks/2" lastBookmarkId="0"/>
    <open-files xmlns="http://www.netbeans.org/ns/projectui-open-files/2">
        <group>
            <file>file:/D:/xampp/htdocs/bi/app/Model/TempSchoolDetails.php</file>
            <file>file:/D:/xampp/htdocs/bi/app/Model/SchoolDetails.php</file>
            <file>file:/D:/xampp/htdocs/bi/resources/views/admin/school-details.blade.php</file>
            <file>file:/D:/xampp/htdocs/bi/app/Http/Controllers/Master/AdminController.php</file>
            <file>file:/D:/xampp/htdocs/bi/resources/views/admin/school-details-new.blade.php</file>
        </group>
    </open-files>
</project-private>
